id,imdb,imdb_votes,number_in_season,number_in_series,datetime,season,title,us_viewers
10,7.4,1511.0,10,10,1990-03-25,1,Homer's Night Out,30300000.0
12,8.3,1716.0,12,12,1990-04-29,1,Krusty Gets Busted,30400000.0
14,8.2,1638.0,1,14,1990-10-11,2,"Bart Gets an ""F""",33600000.0
17,8.1,1457.0,4,17,1990-11-01,2,Two Cars in Every Garage and Three Eyes on Every Fish,26100000.0
19,8.0,1366.0,6,19,1990-11-15,2,Dead Putting Society,25400000.0
21,8.4,1522.0,8,21,1990-12-06,2,Bart the Daredevil,26200000.0
23,7.8,1340.0,10,23,1991-01-10,2,Bart Gets Hit by a Car,24800000.0
26,8.0,1329.0,13,26,1991-02-07,2,Homer vs. Lisa and the 8th Commandment,26200000.0
28,8.2,1413.0,15,28,1991-02-21,2,"Oh Brother, Where Art Thou?",26800000.0
30,7.6,1243.0,17,30,1991-03-28,2,Old Money,21200000.0
32,8.5,1684.0,19,32,1991-04-25,2,Lisa's Substitute,17700000.0
35,8.0,1223.0,22,35,1991-07-11,2,Blood Feud,17300000.0
37,7.7,1274.0,2,37,1991-09-26,3,Mr. Lisa Goes to Washington,20200000.0
39,8.7,1446.0,4,39,1991-10-10,3,Bart the Murderer,20800000.0
41,7.7,1262.0,6,41,1991-10-24,3,"Like Father, Like Clown",20200000.0
44,7.9,1194.0,9,44,1991-11-14,3,Saturdays of Thunder,24700000.0
46,8.2,1291.0,11,46,1991-12-05,3,Burns Verkaufen der Kraftwerk,21100000.0
48,8.5,1365.0,13,48,1992-01-09,3,Radio Bart,24200000.0
51,8.3,1272.0,16,51,1992-02-13,3,Bart the Lover,20500000.0
53,8.2,1201.0,18,53,1992-02-27,3,Separate Vocations,23700000.0
55,7.9,1233.0,20,55,1992-03-26,3,Colonel Homer,25500000.0
58,7.8,1160.0,23,58,1992-05-07,3,Bart's Friend Falls in Love,19500000.0
60,8.4,1414.0,1,60,1992-09-24,4,Kamp Krusty,21800000.0
65,8.2,1293.0,6,65,1992-11-03,4,Itchy & Scratchy: The Movie,20100000.0
69,8.5,1350.0,10,69,1992-12-03,4,Lisa's First Word,28600000.0
72,8.0,1153.0,13,72,1993-01-21,4,Selma's Choice,24500000.0
7,7.9,1638.0,7,7,1990-02-18,1,The Call of the Simpsons,27600000.0
24,8.8,1687.0,11,24,1991-01-24,2,"One Fish, Two Fish, Blowfish, Blue Fish",24200000.0
80,7.7,1080.0,21,80,1993-05-06,4,Marge in Chains,17300000.0
82,8.4,1416.0,1,82,1993-09-30,5,Homer's Barbershop Quartet,19900000.0
84,8.6,1476.0,3,84,1993-10-14,5,Homer Goes to College,18100000.0
87,8.0,1132.0,6,87,1993-11-04,5,Marge on the Lam,21700000.0
89,8.7,1270.0,8,89,1993-11-18,5,Boy-Scoutz 'n the Hood,20100000.0
92,8.2,1202.0,11,92,1994-01-06,5,Homer the Vigilante,20100000.0
93,8.1,1123.0,12,93,1994-02-03,5,Bart Gets Famous,20000000.0
95,8.2,1187.0,14,95,1994-02-17,5,Lisa vs. Malibu Stacy,20500000.0
98,7.9,1116.0,17,98,1994-03-31,5,Bart Gets an Elephant,17000000.0
102,7.5,1014.0,21,102,1994-05-12,5,Lady Bouvier's Lover,15100000.0
104,8.6,1330.0,1,104,1994-09-04,6,Bart of Darkness,15100000.0
107,8.5,1277.0,4,107,1994-10-02,6,Itchy & Scratchy Land,14800000.0
111,8.4,1236.0,8,111,1994-11-13,6,Lisa on Ice,17900000.0
114,7.8,1100.0,11,114,1994-12-18,6,Fear of Flying,15600000.0
116,8.5,1284.0,13,116,1995-01-22,6,And Maggie Makes Three,17300000.0
118,8.5,1254.0,15,118,1995-02-12,6,Homie the Clown,17600000.0
120,7.9,1006.0,17,120,1995-02-26,6,Homer vs. Patty and Selma,18900000.0
123,8.1,1051.0,20,123,1995-04-09,6,Two Dozen and One Greyhounds,11600000.0
125,8.3,1084.0,22,125,1995-04-30,6,'Round Springfield,12600000.0
127,8.6,1285.0,24,127,1995-05-14,6,Lemon of Troy,13100000.0
130,8.3,1172.0,2,130,1995-09-24,7,Radioactive Man,15700000.0
132,8.7,1354.0,4,132,1995-10-08,7,Bart Sells His Soul,14800000.0
134,8.5,1304.0,6,134,1995-10-29,7,Treehouse of Horror VI,19700000.0
139,8.3,1146.0,11,139,1995-12-17,7,Marge Be Not Proud,16700000.0
140,8.3,1064.0,12,140,1996-01-07,7,Team Homer,16700000.0
143,7.7,954.0,15,143,1996-02-11,7,Bart the Fink,15000000.0
67,8.2,1240.0,8,67,1992-11-12,4,New Kid on the Block,23100000.0
149,8.8,1393.0,21,149,1996-04-14,7,22 Short Films About Springfield,10500000.0
151,8.0,995.0,23,151,1996-05-05,7,Much Apu About Nothing,11300000.0
153,8.3,1119.0,25,153,1996-05-19,7,Summer of 4 Ft. 2,14700000.0
157,7.7,1079.0,4,157,1996-11-17,8,"Burns, Baby Burns",12600000.0
160,7.8,1005.0,7,160,1996-12-15,8,Lisa's Date with Density,
163,9.0,1793.0,10,163,1997-01-12,8,The Springfield Files,20900000.0
164,7.8,998.0,11,164,1997-01-19,8,The Twisted World of Marge Simpson,14000000.0
167,7.9,1079.0,14,167,1997-02-09,8,The Itchy & Scratchy & Poochie Show,15500000.0
168,8.9,1666.0,15,168,1997-02-16,8,Homer's Phobia,15300000.0
171,8.7,1330.0,18,171,1997-03-16,8,Homer vs. the Eighteenth Amendment,14600000.0
173,7.7,913.0,20,173,1997-04-13,8,The Canine Mutiny,
175,8.0,973.0,22,175,1997-04-27,8,In Marge We Trust,16900000.0
178,7.8,967.0,25,178,1997-05-18,8,The Secret War of Lisa Simpson,12700000.0
180,7.4,1158.0,2,180,1997-09-28,9,The Principal and the Pauper,14900000.0
184,7.7,925.0,6,184,1997-11-09,9,Bart Star,10600000.0
186,8.0,978.0,8,186,1997-11-23,9,Lisa the Skeptic,9300000.0
189,5.1,1119.0,11,189,1998-01-04,9,"All Singing, All Dancing",8900000.0
191,8.2,1042.0,13,191,1998-02-08,9,The Joy of Sect,9400000.0
196,7.8,906.0,18,196,1998-03-22,9,This Little Wiggy,8900000.0
198,7.9,949.0,20,198,1998-04-05,9,The Trouble with Trillions,7400000.0
200,8.5,1108.0,22,200,1998-04-26,9,Trash of the Titans,10200000.0
203,8.1,931.0,25,203,1998-05-17,9,Natural Born Kissers,8600000.0
205,8.2,988.0,2,205,1998-09-20,10,The Wizard of Evergreen Terrace,7950000.0
207,8.0,1013.0,4,207,1998-10-25,10,Treehouse of Horror IX,8500000.0
212,8.2,975.0,9,212,1998-12-20,10,Mayored to the Mob,8500000.0
214,7.7,834.0,11,214,1999-01-17,10,Wild Barts Can't Be Broken,8800000.0
219,7.5,795.0,16,219,1999-02-28,10,Make Room for Lisa,7600000.0
222,7.6,831.0,19,222,1999-04-11,10,Mom and Pop Art,8500000.0
224,7.2,789.0,21,224,1999-05-02,10,Monty Can't Buy Me Love,7260000.0
226,7.9,964.0,23,226,1999-05-16,10,Thirty Minutes over Tokyo,8000000.0
229,7.5,797.0,3,229,1999-10-24,11,Guess Who's Coming to Criticize Dinner?,6700000.0
231,7.6,817.0,5,231,1999-11-07,11,E-I-E-I-(Annoyed Grunt),8400000.0
233,7.1,747.0,7,233,1999-11-21,11,Eight Misbehavin',9200000.0
238,7.3,747.0,12,238,2000-01-23,11,The Mansion Family,11300000.0
240,7.9,887.0,14,240,2000-02-13,11,"Alone Again, Natura-diddily",10800000.0
242,7.3,755.0,16,242,2000-02-27,11,Pygmoelian,9400000.0
245,6.6,805.0,19,245,2000-04-30,11,Kill the Alligator and Run,7460000.0
247,7.3,737.0,21,247,2000-05-14,11,"It's a Mad, Mad, Mad, Mad Marge",7500000.0
249,7.6,829.0,1,249,2000-11-01,12,Treehouse of Horror XI,13200000.0
251,7.1,733.0,3,251,2000-11-12,12,Insane Clown Poppy,16399999.999999998
254,7.7,782.0,6,254,2000-12-03,12,The Computer Wore Menace Shoes,15600000.0
258,7.3,760.0,10,258,2001-01-14,12,Pokey Mom,15000000.0
261,7.2,668.0,13,261,2001-02-18,12,Day of the Jackanapes,15400000.0
263,7.4,731.0,15,263,2001-03-04,12,"Hungry, Hungry Homer",17600000.0
265,6.9,719.0,17,265,2001-04-01,12,Simpson Safari,13300000.0
268,7.3,666.0,20,268,2001-05-13,12,Children of a Lesser Clod,13800000.0
270,7.5,824.0,1,270,2001-11-06,13,Treehouse of Horror XII,13000000.0
272,7.2,698.0,3,272,2001-11-18,13,Homer the Moe,14400000.0
274,7.7,716.0,5,274,2001-12-09,13,The Blunder Years,12900000.0
279,7.5,683.0,10,279,2002-02-10,13,Half-Decent Proposal,13200000.0
281,6.5,656.0,12,281,2002-02-24,13,The Lastest Gun in the West,13200000.0
284,7.0,670.0,15,284,2002-03-31,13,Blame It on Lisa,11100000.0
286,5.6,721.0,17,286,2002-04-21,13,Gump Roast,12300000.0
70,8.7,1445.0,11,70,1992-12-17,4,Homer's Triple Bypass,23600000.0
294,7.0,645.0,3,294,2002-11-17,14,Bart vs. Lisa vs. the Third Grade,13300000.0
297,7.3,628.0,6,297,2002-12-15,14,The Great Louse Detective,15500000.0
299,7.3,598.0,8,299,2003-01-12,14,The Dad Who Knew Too Little,12800000.0
301,6.8,598.0,10,301,2003-02-09,14,Pray Anything,13400000.0
306,7.3,557.0,15,306,2003-03-16,14,C.E.D'oh,13000000.0
308,7.2,649.0,17,308,2003-04-13,14,Three Gays of the Condo,12020000.0
311,6.9,570.0,20,311,2003-05-11,14,"Brake My Wife, Please",10560000.0
313,7.7,697.0,22,313,2003-05-18,14,Moe Baby Blues,13440000.0
315,7.3,595.0,2,315,2003-11-09,15,My Mother the Carjacker,12400000.0
318,7.2,586.0,5,318,2003-11-30,15,The Fat and the Furriest,11700000.0
320,7.2,588.0,7,320,2003-12-14,15,'Tis the Fifteenth Season,11300000.0
322,7.3,607.0,9,322,2004-01-11,15,"I, (Annoyed Grunt)-bot",16300000.0
326,7.1,589.0,13,326,2004-02-22,15,Smart & Smarter,12600000.0
328,6.9,560.0,15,328,2004-03-21,15,Co-Dependents' Day,11200000.0
331,7.0,609.0,18,331,2004-04-25,15,Catch 'Em If You Can,9300000.0
333,7.3,587.0,20,333,2004-05-09,15,The Way We Weren't,6600000.0
335,7.2,553.0,22,335,2004-05-23,15,Fraudcast News,9200000.0
338,7.1,556.0,3,338,2004-11-21,16,Sleeping with the Enemy,9950000.0
340,7.1,539.0,5,340,2004-12-12,16,Fat Man and Little Boy,10310000.0
342,7.0,523.0,7,342,2005-01-30,16,Mommie Beerest,9970000.0
345,7.1,580.0,10,345,2005-02-20,16,There's Something About Marrying,10390000.0
347,7.0,586.0,12,347,2005-03-13,16,Goo Goo Gai Pan,10280000.0
349,6.9,535.0,14,349,2005-04-03,16,The Seven-Beer Snitch,7480000.0
352,7.2,562.0,17,352,2005-05-01,16,The Heartbroke Kid,10790000.0
354,7.3,575.0,19,354,2005-05-08,16,Thank God It's Doomsday,10050000.0
357,6.3,618.0,1,357,2005-09-11,17,The Bonfire of the Manatees,11100000.0
75,8.3,1209.0,16,75,1993-02-18,4,Duffless,25700000.0
363,6.7,560.0,7,363,2005-11-27,17,The Last of the Red Hat Mamas,11460000.0
365,6.9,553.0,9,365,2005-12-18,17,Simpsons Christmas Stories,9800000.0
368,6.4,597.0,12,368,2006-02-26,17,My Fair Laddy,9510000.0
370,7.0,558.0,14,370,2006-03-19,17,Bart Has Two Mommies,8750000.0
372,6.6,577.0,16,372,2006-04-02,17,Million-Dollar Abie,7830000.0
376,6.7,558.0,20,376,2006-05-07,17,Regarding Margie,8500000.0
379,7.5,754.0,1,379,2006-09-10,18,"The Mook, the Chef, the Wife and Her Homer",11500000.0
381,6.8,623.0,3,381,2006-09-24,18,"Please Homer, Don't Hammer 'Em",9720000.0
383,6.9,656.0,5,383,2006-11-12,18,G.I. (Annoyed Grunt),11430000.0
385,7.0,603.0,7,385,2006-11-26,18,Ice Cream of Margie (with the Light Blue Hair),10900000.0
387,6.4,624.0,9,387,2006-12-17,18,"Kill Gil, Volumes I & II",8960000.0
390,7.0,672.0,12,390,2007-02-11,18,Little Big Girl,8270000.0
392,7.1,644.0,14,392,2007-03-04,18,Yokel Chords,9090000.0
394,7.2,610.0,16,394,2007-03-25,18,Homerazzi,6910000.0
397,7.1,542.0,19,397,2007-05-06,18,Crook and Ladder,7720000.0
399,8.1,1179.0,21,399,2007-05-20,18,24 Minutes,9800000.0
402,6.7,684.0,2,402,2007-09-30,19,The Homer of Seville,8400000.0
406,6.7,591.0,6,406,2007-11-11,19,Little Orphan Millie,10570000.0
408,7.1,673.0,8,408,2007-11-25,19,Funeral for a Fiend,9000000.0
410,6.9,633.0,10,410,2008-01-06,19,E Pluribus Wiggum,8199999.999999999
413,7.7,788.0,13,413,2008-03-02,19,The Debarted,8180000.0
415,6.7,580.0,15,415,2008-03-30,19,Smoke on the Daughter,7100000.0
417,6.9,601.0,17,417,2008-04-27,19,Apocalypse Cow,7690000.0
419,7.1,613.0,19,419,2008-05-11,19,Mona Leaves-a,6020000.0
422,6.9,681.0,2,422,2008-10-05,20,Lost Verizon,7430000.0
424,7.1,757.0,4,424,2008-11-02,20,Treehouse of Horror XIX,12480000.0
77,7.2,1105.0,18,77,1993-04-01,4,So It's Come to This: A Simpsons Clip Show,25500000.0
433,7.2,652.0,13,433,2009-03-15,20,Gone Maggie Gone,5990000.0
438,7.0,554.0,18,438,2009-04-26,20,Father Knows Worst,5940000.0
440,6.3,591.0,20,440,2009-05-10,20,Four Great Women and a Manicure,5160000.0
442,7.1,698.0,1,442,2009-09-27,21,Homer the Whopper,8310000.000000001
448,6.8,529.0,7,448,2009-11-29,21,Rednecks and Broomsticks,9020000.0
450,6.8,481.0,9,450,2010-01-03,21,Thursdays with Abie,8650000.0
452,7.1,532.0,11,452,2010-01-31,21,Million Dollar Maybe,5110000.0
455,7.1,480.0,14,455,2010-03-14,21,Postcards from the Wedge,5230000.0
457,5.7,675.0,16,457,2010-03-28,21,The Greatest Story Ever D'ohed,5690000.0
462,6.9,491.0,21,462,2010-05-09,21,Moe Letter Blues,5660000.0
464,6.6,507.0,23,464,2010-05-23,21,Judge Me Tender,5740000.0
466,6.8,506.0,2,466,2010-10-03,22,Loan-a Lisa,8590000.0
469,7.2,482.0,5,469,2010-11-14,22,"Lisa Simpson, This Isn't Your Life",8970000.0
472,6.9,564.0,8,472,2010-12-05,22,The Fight Before Christmas,9540000.0
473,7.0,528.0,9,473,2010-12-12,22,Donnie Fatso,7180000.0
476,7.0,486.0,12,476,2011-01-23,22,Homer the Father,6500000.0
478,7.2,559.0,14,478,2011-02-20,22,Angry Dad: The Movie,6350000.0
480,6.1,481.0,16,480,2011-03-13,22,A Midsummer's Nice Dream,5440000.0
482,7.0,491.0,18,482,2011-04-10,22,The Great Simpsina,4990000.0
485,7.3,505.0,21,485,2011-05-15,22,500 Keys,6000000.0
487,7.2,672.0,1,487,2011-09-25,23,The Falcon and the D'ohman,8080000.0
489,6.6,654.0,3,489,2011-10-30,23,Treehouse of Horror XXII,8100000.0
491,7.2,562.0,5,491,2011-11-13,23,The Food Wife,7500000.0
494,6.2,476.0,8,494,2011-12-04,23,The Ten-Per-Cent Solution,9010000.0
496,6.1,549.0,10,496,2012-01-08,23,"Politically Inept, with Homer Simpson",5070000.0
498,5.7,562.0,12,498,2012-01-29,23,Moe Goes from Rags to Riches,5120000.0
447,6.7,543.0,6,447,2009-11-22,21,Pranks and Greens,7030000.0
91,8.5,1274.0,10,91,1993-12-16,5,"$pringfield (or, How I Learned to Stop Worrying and Love Legalized Gambling)",17900000.0
504,7.1,470.0,18,504,2012-04-15,23,Beware My Cheating Bart,4860000.0
506,6.9,405.0,20,506,2012-05-06,23,The Spy Who Learned Me,4840000.0
508,4.5,1215.0,22,508,2012-05-20,23,Lisa Goes Gaga,4820000.0
513,6.3,426.0,5,513,2012-11-18,24,Penny-Wiseguys,5060000.0
516,7.2,441.0,8,516,2012-12-16,24,To Cur with Love,3770000.0
518,7.0,408.0,10,518,2013-01-13,24,A Test Before Trying,5040000.0
520,6.5,471.0,12,520,2013-02-10,24,Love is a Many-Splintered Thing,4190000.0000000005
522,6.2,423.0,14,522,2013-03-03,24,Gorgeous Grampa,4660000.0
525,6.5,425.0,17,525,2013-04-14,24,What Animated Women Want,4110000.0000000005
527,6.8,371.0,19,527,2013-05-05,24,Whiskey Business,4430000.0
531,7.0,635.0,1,531,2013-09-29,25,Homerland,6370000.0
534,6.7,489.0,4,534,2013-11-10,25,YOLO,4200000.0
536,6.5,468.0,6,536,2013-11-24,25,The Kid Is All Right,6780000.0
538,6.5,449.0,8,538,2013-12-15,25,White Christmas Blues,8480000.0
541,7.2,431.0,11,541,2014-01-26,25,Specs and the City,3870000.0
543,6.7,468.0,13,543,2014-03-09,25,The Man Who Grew Too Much,3750000.0
545,7.0,414.0,15,545,2014-03-23,25,The War of Art,3980000.0
547,6.5,415.0,17,547,2014-04-06,25,Luca$,4300000.0
550,7.7,705.0,20,550,2014-05-04,25,Brick Like Me,4390000.0
552,6.7,416.0,22,552,2014-05-18,25,The Yellow Badge of Cowardge,3280000.0
554,6.9,490.0,2,554,2014-10-05,26,The Wreck of the Relationship,4270000.0
557,6.3,442.0,5,557,2014-11-02,26,Opposites A-Frack,4220000.0
559,6.9,456.0,7,559,2014-11-16,26,Blazed and Confused,6700000.0
562,6.8,578.0,10,562,2015-01-04,26,The Man Who Came to Be Dinner,10620000.0
564,5.8,439.0,12,564,2015-01-25,26,The Musk Who Fell to Earth,3290000.0
570,6.7,334.0,18,570,2015-04-19,26,Peeping Mom,3230000.0
9,7.5,1578.0,9,9,1990-03-18,1,Life on the Fast Lane,33500000.0
11,7.8,1539.0,11,11,1990-04-15,1,The Crepes of Wrath,31200000.0
13,7.9,1567.0,13,13,1990-05-13,1,Some Enchanted Evening,27100000.0
15,8.3,1588.0,2,15,1990-10-18,2,Simpson and Delilah,29900000.0
16,8.2,1786.0,3,16,1990-10-25,2,Treehouse of Horror,27400000.0
18,7.5,1381.0,5,18,1990-11-08,2,Dancin' Homer,26100000.0
20,7.7,1324.0,7,20,1990-11-22,2,Bart vs. Thanksgiving,25900000.0
22,8.1,1402.0,9,22,1990-12-20,2,Itchy & Scratchy & Marge,22200000.0
25,8.2,1392.0,12,25,1991-01-31,2,The Way We Was,26800000.0
27,7.5,1241.0,14,27,1991-02-14,2,Principal Charming,23900000.0
29,7.5,1264.0,16,29,1991-03-07,2,"Bart's Dog Gets an ""F""",23900000.0
33,7.9,1246.0,20,33,1991-05-02,2,The War of the Simpsons,19700000.0
573,6.8,335.0,21,573,2015-05-10,26,Bull-E,2770000.0
576,6.7,395.0,2,576,2015-10-04,27,Cue Detective,6020000.0
580,6.8,335.0,6,580,2015-11-08,27,Friend with Benefit,3480000.0
583,8.4,698.0,9,583,2015-12-13,27,Barthood,5970000.0
585,6.8,309.0,11,585,2016-01-10,27,Teenage Mutant Milk-Caused Hurdles,8330000.0
598,,,2,598,2016-10-02,28,"Friends and Family""[203]",
599,,,3,599,2016-10-09,28,"The Town""[205]",
600,,,4,600,2016-10-16,28,"Treehouse of Horror XXVII""[207]",
588,6.6,293.0,14,588,2016-02-21,27,Gal of Constant Sorrow,3100000.0
590,7.3,262.0,16,590,2016-03-13,27,The Marge-ian Chronicles,3070000.0
593,7.1,229.0,19,593,2016-04-24,27,Fland Canyon,2770000.0
595,6.4,227.0,21,595,2016-05-15,27,Simprovised,2800000.0
1,8.2,3734.0,1,1,1989-12-17,1,Simpsons Roasting on an Open Fire,26700000.0
2,7.8,1973.0,2,2,1990-01-14,1,Bart the Genius,24500000.0
4,7.8,1701.0,4,4,1990-01-28,1,There's No Disgrace Like Home,20200000.0
6,7.6,1674.0,6,6,1990-02-11,1,Moaning Lisa,27400000.0
8,7.7,1580.0,8,8,1990-02-25,1,The Telltale Head,28000000.0
34,8.4,1379.0,21,34,1991-05-09,2,Three Men and a Comic Book,21000000.0
36,8.6,1798.0,1,36,1991-09-19,3,Stark Raving Dad,22900000.0
38,8.2,1302.0,3,38,1991-10-03,3,When Flanders Failed,22800000.0
40,8.5,1452.0,5,40,1991-10-17,3,Homer Defined,20600000.0
78,8.1,1122.0,19,78,1993-04-15,4,The Front,20100000.0
73,8.1,1176.0,14,73,1993-02-04,4,Brother from the Same Planet,23800000.0
86,8.7,1437.0,5,86,1993-10-28,5,Treehouse of Horror IV,24000000.0
71,9.0,2028.0,12,71,1993-01-14,4,Marge vs. the Monorail,23000000.0
74,8.3,1268.0,15,74,1993-02-11,4,I Love Lisa,25200000.0
90,8.4,1308.0,9,90,1993-12-09,5,The Last Temptation of Homer,20600000.0
54,7.7,1165.0,19,54,1992-03-12,3,Dog of Death,23400000.0
42,8.2,1369.0,7,42,1991-10-31,3,Treehouse of Horror II,20000000.0
43,7.9,1243.0,8,43,1991-11-07,3,Lisa's Pony,23000000.0
66,7.8,1163.0,7,66,1992-11-05,4,Marge Gets a Job,22900000.0
47,8.2,1213.0,12,47,1991-12-26,3,I Married Marge,21900000.0
76,9.0,1827.0,17,76,1993-03-11,4,Last Exit to Springfield,22400000.0
49,8.0,1179.0,14,49,1992-01-23,3,Lisa the Greek,23200000.0
57,7.7,1176.0,22,57,1992-04-23,3,The Otto Show,17500000.0
85,8.9,1479.0,4,85,1993-10-21,5,Rosebud,19500000.0
50,8.0,1176.0,15,50,1992-02-06,3,Homer Alone,23700000.0
52,8.6,1637.0,17,52,1992-02-20,3,Homer at the Bat,24600000.0
79,8.1,1234.0,20,79,1993-04-29,4,Whacking Day,20000000.0
63,7.8,1194.0,4,63,1992-10-15,4,Lisa the Beauty Queen,19000000.0
81,8.2,1269.0,22,81,1993-05-13,4,Krusty Gets Kancelled,19400000.0
56,8.2,1233.0,21,56,1992-04-09,3,Black Widower,17300000.0
61,8.1,1339.0,2,61,1992-10-01,4,A Streetcar Named Marge,18300000.0
64,8.4,1394.0,5,64,1992-10-29,4,Treehouse of Horror III,25100000.0
68,8.8,1595.0,9,68,1992-11-19,4,Mr. Plow,24000000.0
94,8.3,1171.0,13,94,1994-02-10,5,Homer and Apu,21800000.0
97,8.5,1191.0,16,97,1994-03-17,5,Homer Loves Flanders,18000000.0
99,8.4,1143.0,18,99,1994-04-14,5,Burns' Heir,14700000.0
137,8.0,1023.0,9,137,1995-11-26,7,Sideshow Bob's Last Gleaming,14200000.0
113,8.0,1060.0,10,113,1994-12-04,6,Grampa vs. Sexual Inadequacy,14100000.0
147,8.2,1103.0,19,147,1996-03-24,7,A Fish Called Selma,12900000.0
117,8.6,1221.0,14,117,1995-02-05,6,Bart's Comet,18700000.0
131,8.3,1088.0,3,131,1995-10-01,7,Home Sweet Homediddly-Dum-Doodily,14500000.0
142,7.7,962.0,14,142,1996-02-04,7,Scenes from the Class Struggle in Springfield,14400000.0
119,8.5,1353.0,16,119,1995-02-19,6,Bart vs. Australia,15100000.0
135,9.0,1633.0,7,135,1995-11-05,7,King-Size Homer,17000000.0
103,8.0,1060.0,22,103,1994-05-19,5,Secrets of a Successful Marriage,15600000.0
105,8.1,1156.0,2,105,1994-09-11,6,Lisa's Rival,16700000.0
121,8.5,1223.0,18,121,1995-03-05,6,A Star Is Burns,14400000.0
122,8.3,1190.0,19,122,1995-03-19,6,Lisa's Wedding,14400000.0
106,6.0,1051.0,3,106,1994-09-25,6,Another Simpsons Clip Show,13500000.0
133,8.5,1288.0,5,133,1995-10-15,7,Lisa the Vegetarian,14600000.0
124,8.1,1004.0,21,124,1995-04-16,6,The PTA Disbands,11800000.0
108,8.3,1142.0,5,108,1994-10-09,6,Sideshow Bob Roberts,14400000.0
110,8.0,1150.0,7,110,1994-11-06,6,Bart's Girlfriend,15300000.0
129,8.9,1497.0,1,129,1995-09-17,7,Who Shot Mr. Burns? (Part Two),16000000.0
126,8.2,1003.0,23,126,1995-05-07,6,The Springfield Connection,12700000.0
145,8.9,1609.0,17,145,1996-02-25,7,Homer the Smithers,14100000.0
112,9.0,1655.0,9,112,1994-11-27,6,Homer Badman,17000000.0
115,8.9,1457.0,12,115,1995-01-08,6,Homer the Great,20100000.0
138,7.5,1038.0,10,138,1995-12-03,7,The Simpsons 138th Episode Spectacular,16399999.999999998
141,8.7,1264.0,13,141,1996-01-14,7,Two Bad Neighbors,16500000.0
144,8.1,1039.0,16,144,1996-02-18,7,Lisa the Iconoclast,13400000.0
136,8.5,1226.0,8,136,1995-11-19,7,Mother Simpson,15300000.0
150,8.3,1122.0,22,150,1996-04-28,7,"Raging Abe Simpson and His Grumbling Grandson in ""The Curse of the Flying Hellfish""",13000000.0
152,8.0,1095.0,24,152,1996-05-19,7,Homerpalooza,12900000.0
181,8.1,980.0,3,181,1997-10-19,9,Lisa's Sax,12900000.0
166,7.7,1088.0,13,166,1997-02-07,8,Simpsoncalifragilisticexpiala(Annoyed Grunt)cious,17700000.0
154,8.3,1186.0,1,154,1996-10-27,8,Treehouse of Horror VII,18300000.0
169,8.2,1100.0,16,169,1997-02-23,8,Brother from Another Series,15100000.0
156,8.0,1085.0,3,156,1996-11-10,8,The Homer They Fall,17000000.0
158,8.2,1098.0,5,158,1996-11-24,8,Bart After Dark,14100000.0
202,7.7,880.0,24,202,1998-05-10,9,Lost Our Lisa,7600000.0
199,7.9,905.0,21,199,1998-04-19,9,Girly Edition,8500000.0
187,7.5,888.0,9,187,1997-12-07,9,Realty Bites,10600000.0
174,7.9,967.0,21,174,1997-04-20,8,The Old Man and the Lisa,14000000.0
159,8.0,1008.0,6,159,1996-12-01,8,A Milhouse Divided,12800000.0
170,8.1,1020.0,17,170,1997-03-02,8,"My Sister, My Sitter",15100000.0
193,7.5,878.0,15,193,1998-02-22,9,The Last Temptation of Krust,9500000.0
183,8.2,1081.0,5,183,1997-11-02,9,The Cartridge Family,10300000.0
172,8.2,995.0,19,172,1997-04-06,8,Grade School Confidential,13300000.0
161,8.8,1268.0,8,161,1996-12-29,8,Hurricane Neddy,
197,8.3,1026.0,19,197,1998-03-29,9,Simpson Tide,9000000.0
177,7.3,1006.0,24,177,1997-05-11,8,The Simpsons Spin-Off Showcase,11600000.0
179,9.1,1918.0,1,179,1997-09-21,9,The City of New York vs. Homer Simpson,10500000.0
188,7.6,958.0,10,188,1997-12-21,9,Miracle on Evergreen Terrace,9600000.0
201,8.3,962.0,23,201,1998-05-03,9,King of the Hill,9200000.0
192,8.1,1036.0,14,192,1998-02-15,9,Das Bus,9600000.0
204,7.6,932.0,1,204,1998-08-23,10,Lard of the Dance,7000000.0
190,7.7,938.0,12,190,1998-01-11,9,Bart Carny,11700000.0
195,8.0,957.0,17,195,1998-03-08,9,Lisa the Simpson,10400000.0
146,8.0,1016.0,18,146,1996-03-17,7,The Day the Violence Died,14400000.0
208,7.3,934.0,5,208,1998-11-08,10,When You Dish Upon a Star,9000000.0
210,8.0,909.0,7,210,1998-11-22,10,"Lisa Gets an ""A""",8000000.0
211,7.3,863.0,8,211,1998-12-06,10,"Homer Simpson in: ""Kidney Trouble""",7200000.0
252,7.2,731.0,4,252,2000-11-19,12,Lisa the Tree Hugger,14900000.0
215,6.9,880.0,12,215,1999-01-31,10,"Sunday, Cruddy Sunday",11500000.0
220,7.6,843.0,17,220,1999-03-28,10,Maximum Homerdrive,15500000.0
232,7.3,759.0,6,232,1999-11-14,11,"Hello Gutter, Hello Fadder",9200000.0
221,7.3,851.0,18,221,1999-04-04,10,Simpsons Bible Stories,12200000.0
260,6.9,730.0,12,260,2001-02-11,12,Tennis the Menace,14000000.0
213,7.8,928.0,10,213,1999-01-10,10,Viva Ned Flanders,11500000.0
230,7.7,876.0,4,230,1999-10-31,11,Treehouse of Horror X,8700000.0
246,7.2,716.0,20,246,2000-05-07,11,Last Tap Dance in Springfield,7300000.0
228,7.5,776.0,2,228,1999-10-03,11,Brother's Little Helper,7100000.0
223,7.3,779.0,20,223,1999-04-25,10,"The Old Man and the ""C"" Student",6900000.0
243,7.0,780.0,17,243,2000-03-19,11,Bart to the Future,8770000.0
227,7.3,917.0,1,227,1999-09-26,11,Beyond Blunderdome,8100000.0
225,7.3,804.0,22,225,1999-05-09,10,They Saved Lisa's Brain,6800000.0
216,7.7,882.0,13,216,1999-02-07,10,Homer to the Max,8300000.000000001
234,7.1,775.0,8,234,1999-11-28,11,"Take My Wife, Sleaze",8900000.0
236,7.3,715.0,10,236,2000-01-09,11,Little Big Mom,10000000.0
237,6.9,734.0,11,237,2000-01-16,11,Faith Off,10400000.0
259,7.5,761.0,11,259,2001-02-04,12,Worst Episode Ever,18500000.0
239,6.6,822.0,13,239,2000-02-06,11,Saddlesore Galactica,9600000.0
248,7.9,955.0,22,248,2000-05-21,11,Behind the Laughter,8300000.000000001
255,7.3,766.0,7,255,2000-12-10,12,The Great Money Caper,16800000.0
241,7.3,777.0,15,241,2000-02-20,11,Missionary: Impossible,9800000.0
244,7.4,724.0,18,244,2000-04-09,11,Days of Wine and D'oh'ses,8300000.000000001
148,8.6,1110.0,20,148,1996-03-31,7,Bart on the Road,11800000.0
264,6.5,691.0,16,264,2001-03-11,12,"Bye, Bye, Nerdie",16100000.000000002
267,7.3,721.0,19,267,2001-05-06,12,I'm Goin' to Praiseland,13100000.0
269,7.0,688.0,21,269,2001-05-20,12,Simpsons Tall Tales,13400000.0
287,7.7,704.0,18,287,2002-04-28,13,I Am Furious (Yellow),12400000.0
288,6.9,598.0,19,288,2002-05-05,13,The Sweetest Apu,11800000.0
316,7.0,631.0,3,316,2003-11-16,15,The President Wore Pearls,12700000.0
271,7.1,674.0,2,271,2001-11-11,13,The Parent Rap,14900000.0
285,7.7,765.0,16,285,2002-04-07,13,Weekend at Burnsie's,12500000.0
295,7.1,704.0,4,295,2002-11-24,14,Large Marge,17400000.0
280,7.1,621.0,11,280,2002-02-17,13,The Bart Wants What It Wants,11200000.0
305,6.9,577.0,14,305,2003-03-09,14,Mr. Spritz Goes to Washington,14400000.0
273,7.2,651.0,4,273,2001-12-02,13,A Hunka Hunka Burns in Love,13400000.0
293,7.3,713.0,2,293,2002-11-10,14,How I Spent My Strummer Vacation,12500000.0
275,7.1,692.0,6,275,2001-12-16,13,She of Little Faith,13200000.0
296,6.8,633.0,5,296,2002-12-01,14,Helter Shelter,15100000.0
283,7.3,630.0,14,283,2002-03-17,13,Tales from the Public Domain,11700000.0
300,6.9,644.0,9,300,2003-02-02,14,The Strong Arms of the Ma,15400000.0
276,6.9,649.0,7,276,2002-01-06,13,Brawl in the Family,11800000.0
278,7.3,642.0,9,278,2002-01-27,13,Jaws Wired Shut,14200000.0
289,7.2,613.0,20,289,2002-05-12,13,Little Girl in the Big Ten,11200000.0
310,6.8,574.0,19,310,2003-05-04,14,Old Yeller-Belly,11590000.0
298,7.1,593.0,7,298,2003-01-05,14,Special Edna,15000000.0
302,6.6,650.0,11,302,2003-02-16,14,Barting Over,21300000.0
309,7.0,651.0,18,309,2003-04-27,14,"Dude, Where's My Ranch?",11710000.0
312,6.6,575.0,21,312,2003-05-18,14,The Bart of War,12100000.0
314,7.4,738.0,1,314,2003-11-02,15,Treehouse of Horror XIV,16219999.999999998
165,8.6,1137.0,12,165,1997-02-02,8,Mountain of Madness,9100000.0
319,6.6,576.0,6,319,2003-12-07,15,Today I Am a Clown,10500000.0
321,6.7,589.0,8,321,2004-01-04,15,"Marge vs. Singles, Seniors, Childless Couples and Teens and Gays",12000000.0
323,7.3,596.0,10,323,2004-01-25,15,Diatribe of a Mad Housewife,10600000.0
337,7.0,566.0,2,337,2004-11-14,16,All's Fair in Oven War,11640000.0
334,6.2,593.0,21,334,2004-05-16,15,Bart-Mangled Banner,8700000.0
353,6.8,554.0,18,353,2005-05-08,16,A Star Is Torn,8720000.0
362,6.9,543.0,6,362,2005-11-20,17,See Homer Run,10300000.0
325,7.3,583.0,12,325,2004-02-15,15,Milhouse Doesn't Live Here Anymore,9400000.0
327,6.9,568.0,14,327,2004-03-14,15,The Ziff Who Came to Dinner,10700000.0
343,6.4,582.0,8,343,2005-02-06,16,Homer and Ned's Hail Mary Pass,23070000.0
358,6.9,585.0,2,358,2005-09-18,17,The Girl Who Slept Too Little,9790000.0
329,6.9,599.0,16,329,2004-03-28,15,The Wandering Juvie,10500000.0
359,7.0,558.0,3,359,2005-09-25,17,Milhouse of Sand and Fog,10190000.0
360,7.3,646.0,4,360,2005-11-06,17,Treehouse of Horror XVI,11630000.0
366,6.7,554.0,10,366,2006-01-08,17,Homer's Paternity Coot,10100000.0
339,6.6,562.0,4,339,2004-12-05,16,She Used to Be My Girl,10810000.0
330,6.7,560.0,17,330,2004-04-18,15,My Big Fat Geek Wedding,9200000.0
350,7.3,615.0,15,350,2005-04-17,16,Future-Drama,8310000.000000001
364,7.0,706.0,8,364,2005-12-11,17,The Italian Bob,10390000.0
332,7.3,600.0,19,332,2004-05-02,15,Simple Simpson,9500000.0
367,7.0,535.0,11,367,2006-01-29,17,We're on the Road to D'ohwhere,9040000.0
346,6.9,572.0,11,346,2005-03-06,16,On a Clear Day I Can't See My Sister,10390000.0
355,7.1,546.0,20,355,2005-05-15,16,Home Away from Homer,8170000.0
336,7.4,666.0,1,336,2004-11-07,16,Treehouse of Horror XV,11290000.0
341,7.3,554.0,6,341,2005-01-16,16,Midnight Rx,8109999.999999999
344,6.8,607.0,9,344,2005-02-13,16,Pranksta Rap,8010000.0
194,7.6,887.0,16,194,1998-03-01,9,Dumbbell Indemnity,10300000.0
375,7.2,582.0,19,375,2006-04-30,17,Girls Just Want to Have Sums,8700000.0
377,7.1,596.0,21,377,2006-05-14,17,The Monkey Suit,8300000.000000001
396,6.3,585.0,18,396,2007-04-29,18,The Boys of Bummer,7570000.0
405,7.1,687.0,5,405,2007-11-04,19,Treehouse of Horror XVIII,11700000.0
393,6.3,606.0,15,393,2007-03-11,18,Rome-Old and Juli-Eh,8980000.0
416,6.1,585.0,16,416,2008-04-13,19,Papa Don't Leech,6900000.0
378,6.6,587.0,22,378,2006-05-21,17,Marge and Homer Turn a Couple Play,8230000.0
388,6.6,615.0,10,388,2007-01-07,18,The Wife Aquatic,13900000.0
423,7.0,638.0,3,423,2008-10-19,20,"Double, Double, Boy in Trouble",8090000.0
382,7.1,723.0,4,382,2006-11-05,18,Treehouse of Horror XVII,10430000.0
411,6.3,1069.0,11,411,2008-01-27,19,That '90s Show,7600000.0
428,6.6,615.0,8,428,2008-12-07,20,The Burns and the Bees,6190000.0
384,6.8,605.0,6,384,2006-11-19,18,Moe'N'a Lisa,9310000.0
386,7.2,578.0,8,386,2006-12-10,18,The Haw-Hawed Couple,8289999.999999999
407,7.1,762.0,7,407,2007-11-18,19,Husbands and Knives,10500000.0
420,6.4,538.0,20,420,2008-05-18,19,All About Lisa,6110000.0
400,7.3,692.0,22,400,2007-05-20,18,You Kent Always Say What You Want,9800000.0
425,6.6,615.0,5,425,2008-11-09,20,Dangerous Curves,8160000.0
391,7.3,617.0,13,391,2007-02-18,18,Springfield Up,8800000.0
389,7.0,580.0,11,389,2007-01-28,18,Revenge Is a Dish Best Served Three Times,8090000.0
395,7.3,678.0,17,395,2007-04-22,18,Marge Gamer,6400000.0
398,7.0,569.0,20,398,2007-05-13,18,Stop! Or My Dog Will Shoot,6480000.0
414,7.3,626.0,14,414,2008-03-09,19,Dial 'N' for Nerder,7300000.0
412,6.6,636.0,12,412,2008-02-17,19,"Love, Springfieldian Style",7810000.0
427,7.1,728.0,7,427,2008-11-30,20,MyPods and Boomsticks,7800000.0
421,7.2,780.0,1,421,2008-09-28,20,"Sex, Pies and Idiot Scrapes",9300000.0
418,7.0,585.0,18,418,2008-05-04,19,Any Given Sundance,6180000.0
206,7.5,899.0,3,206,1998-09-27,10,Bart the Mother,7350000.0
430,7.0,591.0,10,430,2009-02-15,20,"Take My Life, Please",6820000.0
432,7.0,582.0,12,432,2009-03-08,20,"No Loan Again, Naturally",5990000.0
465,6.3,691.0,1,465,2010-09-26,22,Elementary School Musical,7750000.0
439,7.1,613.0,19,439,2009-05-03,20,"Waverly Hills, 9-0-2-1-D'oh",6750000.0
463,7.2,545.0,22,463,2010-05-16,21,The Bob Next Door,6260000.0
437,7.2,605.0,17,437,2009-04-19,20,"The Good, the Sad and the Drugly",6500000.0
451,6.7,552.0,10,451,2010-01-10,21,Once Upon a Time in Springfield,14620000.0
443,6.6,585.0,2,443,2009-10-04,21,Bart Gets a 'Z',9320000.0
436,7.2,604.0,16,436,2009-04-05,20,Eeny Teeny Maya Moe,6500000.0
459,6.9,482.0,18,459,2010-04-18,21,Chief of Hearts,5930000.0
444,6.3,562.0,3,444,2009-10-11,21,The Great Wife Hope,7500000.0
461,7.2,519.0,20,461,2010-05-02,21,To Surveil with Love,6060000.0
479,6.7,489.0,15,479,2011-03-06,22,The Scorpion's Tale,6200000.0
477,6.9,461.0,13,477,2011-02-13,22,The Blue and the Gray,5610000.0
454,6.6,496.0,13,454,2010-02-21,21,The Color Yellow,6080000.0
470,6.5,479.0,6,470,2010-11-21,22,The Fool Monty,6580000.0
449,7.2,542.0,8,449,2009-12-13,21,"O Brother, Where Bart Thou?",7110000.0
453,6.8,525.0,12,453,2010-02-14,21,Boy Meets Curl,5870000.0
481,6.5,470.0,17,481,2011-03-27,22,Love Is a Many Strangled Thing,6140000.0
446,6.7,560.0,5,446,2009-11-15,21,The Devil Wears Nada,9040000.0
484,7.2,483.0,20,484,2011-05-08,22,Homer Scissorhands,5480000.0
456,7.0,554.0,15,456,2010-03-21,21,Stealing First Base,5690000.0
471,6.4,489.0,7,471,2010-11-28,22,How Munched is That Birdie in the Window?,9380000.0
483,6.6,486.0,19,483,2011-05-01,22,The Real Housewives of Fat Tony,6100000.0
474,6.3,464.0,10,474,2011-01-09,22,Moms I'd Like to Forget,12600000.0
467,6.8,501.0,3,467,2010-10-10,22,MoneyBart,6720000.0
475,6.9,520.0,11,475,2011-01-16,22,Flaming Moe,6470000.0
217,7.3,815.0,14,217,1999-02-14,10,I'm with Cupid,7700000.0
488,7.0,528.0,2,488,2011-10-02,23,Bart Stops to Smell the Roosevelts,6190000.0
490,6.7,491.0,4,490,2011-11-06,23,Replaceable You,7970000.0
497,7.0,553.0,11,497,2012-01-15,23,The D'oh-cial Network,11480000.0
540,7.1,475.0,10,540,2014-01-12,25,Married to the Blob,4830000.0
507,6.7,408.0,21,507,2012-05-13,23,Ned 'n Edna's Blend,4070000.0000000005
512,6.7,415.0,4,512,2012-11-11,24,Gone Abie Gone,6860000.0
517,6.9,411.0,9,517,2013-01-06,24,Homer Goes to Prep School,8970000.0
533,6.5,482.0,3,533,2013-11-03,25,Four Regrettings and a Funeral,5430000.0
537,7.0,440.0,7,537,2013-12-08,25,Yellow Subterfuge,6850000.0
505,7.4,568.0,19,505,2012-04-29,23,A Totally Fun Thing That Bart Will Never Do Again,5000000.0
492,7.8,712.0,6,492,2011-11-20,23,The Book Job,5770000.0
499,6.5,490.0,13,499,2012-02-12,23,The Daughter Also Rises,4260000.0
539,7.6,648.0,9,539,2014-01-05,25,Steal This Episode,12040000.0
501,6.9,425.0,15,501,2012-03-04,23,Exit Through the Kwik-E-Mart,5090000.0
523,7.0,418.0,15,523,2013-03-10,24,"Black Eyed, Please",4850000.0
503,7.1,493.0,17,503,2012-03-18,23,"Them, Robot",5250000.0
532,7.1,654.0,2,532,2013-10-06,25,Treehouse of Horror XXIV,6420000.0
526,6.5,405.0,18,526,2013-04-28,24,Pulpit Friction,4540000.0
519,6.6,405.0,11,519,2013-01-27,24,The Changing of the Guardian,5230000.0
509,6.4,597.0,1,509,2012-09-30,24,Moonshine River,8080000.0
514,6.5,430.0,6,514,2012-11-25,24,A Tree Grows in Springfield,7460000.0
510,7.3,600.0,2,510,2012-10-07,24,Treehouse of Horror XXIII,6570000.0
515,7.2,493.0,7,515,2012-12-09,24,The Day the Earth Stood Cool,7440000.0
521,7.0,406.0,13,521,2013-02-17,24,Hardly Kirk-ing,4570000.0
528,6.3,410.0,20,528,2013-05-12,24,The Fabulous Faker Boy,4160000.0
535,7.1,442.0,5,535,2013-11-17,25,Labor Pains,4080000.0
530,7.0,396.0,22,530,2013-05-19,24,Dangers on a Train,4520000.0
218,7.3,831.0,15,218,1999-02-21,10,"Marge Simpson in: ""Screaming Yellow Honkers""",8600000.0
544,6.6,407.0,14,544,2014-03-16,25,The Winter of His Content,4019999.9999999995
549,5.8,445.0,19,549,2014-04-27,25,What to Expect When Bart's Expecting,3450000.0
560,6.5,431.0,8,560,2014-11-23,26,Covercraft,3450000.0
565,6.3,377.0,13,565,2015-02-08,26,Walking Big & Tall,2780000.0
579,6.8,385.0,5,579,2015-10-25,27,Treehouse of Horror XXVI,6750000.0
584,6.6,356.0,10,584,2016-01-03,27,The Girl Code,4410000.0
551,6.7,402.0,21,551,2014-05-11,25,Pay Pal,3660000.0
575,5.9,532.0,1,575,2015-09-27,27,Every Man's Dream,3280000.0
572,6.2,330.0,20,572,2015-05-03,26,Let's Go Fly a Coot,3120000.0
569,6.7,374.0,17,569,2015-03-15,26,Waiting for Duffman,3590000.0
581,6.3,328.0,7,581,2015-11-22,27,Lisa with an 'S',5640000.0
563,7.3,434.0,11,563,2015-01-11,26,Bart's New Friend,4280000.0
587,6.3,252.0,13,587,2016-02-14,27,Love Is in the N2-O2-Ar-CO2-Ne-He-CH4,2890000.0
571,6.9,347.0,19,571,2015-04-26,26,The Kids Are All Fight,3330000.0
568,6.9,377.0,16,568,2015-03-08,26,Sky Police,3790000.0
553,5.8,652.0,1,553,2014-09-28,26,Clown in the Dumps,8530000.0
555,6.5,457.0,3,555,2014-10-12,26,Super Franchise Me,7330000.0
586,6.7,271.0,12,586,2016-01-17,27,Much Apu About Something,3950000.0
561,6.8,432.0,9,561,2014-12-07,26,I Won't Be Home for Christmas,6520000.0
556,7.3,612.0,4,556,2014-10-19,26,Treehouse of Horror XXV,7760000.0
566,6.7,360.0,14,566,2015-02-15,26,My Fare Lady,2670000.0
591,6.5,246.0,17,591,2016-04-03,27,The Burns Cage,2320000.0
574,6.9,335.0,22,574,2015-05-17,26,Mathlete's Feat,2820000.0
589,6.3,233.0,15,589,2016-03-06,27,Lisa the Veterinarian,3090000.0
582,7.1,305.0,8,582,2015-12-06,27,Paths of Glory,5530000.0
577,7.2,404.0,3,577,2015-10-11,27,Puffless,3310000.0
31,8.0,1257.0,18,31,1991-04-11,2,Brush with Greatness,20600000.0
45,8.8,1618.0,10,45,1991-11-21,3,Flaming Moe's,23900000.0
5,8.1,1732.0,5,5,1990-02-04,1,Bart the General,27100000.0
59,8.2,1227.0,24,59,1992-08-27,3,"Brother, Can You Spare Two Dimes?",17200000.0
62,9.0,1747.0,3,62,1992-10-08,4,Homer the Heretic,19300000.0
83,9.0,2010.0,2,83,1993-10-07,5,Cape Feare,20000000.0
88,7.7,1085.0,7,88,1993-11-11,5,Bart's Inner Child,18700000.0
96,8.8,1505.0,15,96,1994-02-24,5,Deep Space Homer,18200000.0
100,8.4,1118.0,19,100,1994-04-28,5,Sweet Seymour Skinner's Baadasssss Song,19700000.0
101,8.2,1103.0,20,101,1994-05-05,5,The Boy Who Knew Too Much,15500000.0
109,9.0,1690.0,6,109,1994-10-30,6,Treehouse of Horror V,22200000.0
128,9.1,1619.0,25,128,1995-05-21,6,Who Shot Mr. Burns? (Part One),15000000.0
155,9.2,2439.0,2,155,1996-11-03,8,You Only Move Twice,13900000.0
162,8.5,1383.0,9,162,1997-01-05,8,El Viaje Misterioso de Nuestro Jomer (The Mysterious Voyage of Homer),14900000.0
176,9.2,2256.0,23,176,1997-05-04,8,Homer's Enemy,11800000.0
182,8.1,1019.0,4,182,1997-10-26,9,Treehouse of Horror VIII,10900000.0
185,7.7,905.0,7,185,1997-11-16,9,The Two Mrs. Nahasapeemapetilons,11400000.0
209,7.6,901.0,6,209,1998-11-15,10,D'oh-in' in the Wind,8300000.000000001
256,8.0,836.0,8,256,2000-12-17,12,Skinner's Sense of Snow,15900000.0
257,8.0,899.0,9,257,2001-01-07,12,HOMR,18500000.0
266,8.6,1095.0,18,266,2001-04-29,12,Trilogy of Error,14400000.0
291,8.0,701.0,22,291,2002-05-22,13,Poppa's Got a Brand New Badge,8199999.999999999
292,7.6,752.0,1,292,2002-11-03,14,Treehouse of Horror XIII,16700000.0
495,8.2,905.0,9,495,2011-12-11,23,Holidays of Future Passed,6430000.0
558,7.9,977.0,6,558,2014-11-09,26,Simpsorama,6700000.0
578,7.5,462.0,4,578,2015-10-18,27,Halloween of Horror,3690000.0
594,6.7,193.0,20,594,2016-05-08,27,To Courier with Love,2520000.0
3,7.5,1709.0,3,3,1990-01-21,1,Homer's Odyssey,27500000.0
235,7.3,809.0,9,235,1999-12-19,11,Grift of the Magi,7760000.0
250,7.4,803.0,2,250,2000-11-05,12,A Tale of Two Springfields,16200000.0
253,7.2,762.0,5,253,2000-11-26,12,Homer vs. Dignity,15000000.0
282,6.5,623.0,13,282,2002-03-10,13,The Old Man and the Key,14500000.0
307,7.1,555.0,16,307,2003-03-30,14,'Scuse Me While I Miss the Sky,12600000.0
324,7.1,575.0,11,324,2004-02-08,15,Margical History Tour,8900000.0
348,7.0,530.0,13,348,2005-03-20,16,Mobile Homer,8490000.0
351,7.4,661.0,16,351,2005-05-01,16,Don't Fear the Roofer,11920000.0
369,7.4,642.0,13,369,2006-03-12,17,The Seemingly Never-Ending Story,9720000.0
371,6.5,854.0,15,371,2006-03-26,17,"Homer Simpson, This Is Your Wife",10090000.0
374,6.7,549.0,18,374,2006-04-23,17,The Wettest Stories Ever Told,7040000.0
403,7.2,637.0,3,403,2007-10-07,19,Midnight Towboy,7700000.0
426,7.1,599.0,6,426,2008-11-16,20,Homer and Lisa Exchange Cross Words,8520000.0
441,7.2,648.0,21,441,2009-05-17,20,Coming to Homerica,5860000.0
445,7.3,671.0,4,445,2009-10-18,21,Treehouse of Horror XX,8590000.0
458,6.7,482.0,17,458,2010-04-11,21,American History X-cellent,5650000.0
460,6.9,511.0,19,460,2010-04-25,21,The Squirt and the Whale,5940000.0
468,7.1,680.0,4,468,2010-11-07,22,Treehouse of Horror XXI,8189999.999999999
493,6.8,493.0,7,493,2011-11-27,23,The Man in the Blue Flannel Pants,5610000.0
524,7.1,417.0,16,524,2013-03-17,24,Dark Knight Court,4890000.0
529,7.2,460.0,21,529,2013-05-19,24,The Saga of Carl,4010000.0
546,6.9,430.0,16,546,2014-03-30,25,You Don't Have to Live Like a Referee,3910000.0
567,6.6,372.0,15,567,2015-03-01,26,The Princess Guide,3930000.0
592,6.4,228.0,18,592,2016-04-10,27,How Lisa Got Her Marge Back,2550000.0
596,6.9,210.0,22,596,2016-05-22,27,Orange Is the New Yellow,2540000.0
597,6.6,104.0,1,597,2016-09-25,28,Monty Burns' Fleeing Circus,3360000.0
262,7.2,833.0,14,262,2001-02-25,12,New Kids on the Blecch,18100000.0
277,7.0,649.0,8,277,2002-01-20,13,Sweets and Sour Marge,12300000.0
290,7.1,642.0,21,290,2002-05-19,13,The Frying Game,10800000.0
303,7.3,628.0,12,303,2003-02-16,14,I'm Spelling As Fast As I Can,22100000.0
304,7.1,599.0,13,304,2003-03-02,14,A Star Is Born-Again,14400000.0
317,7.1,705.0,4,317,2003-11-23,15,The Regina Monologues,12200000.0
356,7.2,635.0,21,356,2005-05-15,16,"The Father, the Son, and the Holy Guest Star",9690000.0
361,6.9,578.0,5,361,2005-11-13,17,Marge's Son Poisoning,11400000.0
373,7.2,677.0,17,373,2006-04-09,17,"Kiss Kiss, Bang Bangalore",8199999.999999999
380,6.7,671.0,2,380,2006-09-17,18,Jazzy and the Pussycats,8940000.0
401,6.7,706.0,1,401,2007-09-23,19,He Loves to Fly and He D'ohs,9700000.0
404,6.9,620.0,4,404,2007-10-14,19,I Don't Wanna Know Why the Caged Bird Sings,8800000.0
409,8.2,949.0,9,409,2007-12-16,19,Eternal Moonshine of the Simpson Mind,10150000.0
429,5.9,706.0,9,429,2009-01-25,20,Lisa the Drama Queen,5750000.0
431,7.0,603.0,11,431,2009-03-01,20,How the Test Was Won,6520000.0
434,6.3,619.0,14,434,2009-03-22,20,In the Name of the Grandfather,6150000.0
435,6.8,571.0,15,435,2009-03-29,20,Wedding for Disaster,6580000.0
486,7.0,492.0,22,486,2011-05-22,22,The Ned-Liest Catch,5250000.0
500,7.0,580.0,14,500,2012-02-19,23,At Long Last Leave,5770000.0
502,7.3,541.0,16,502,2012-03-11,23,How I Wet Your Mother,4970000.0
511,6.9,460.0,3,511,2012-11-04,24,Adventures in Baby-Getting,5650000.0
542,6.4,473.0,12,542,2014-03-09,25,Diggs,2690000.0
548,7.0,504.0,18,548,2014-04-13,25,Days of Future Future,3640000.0
